{
  "search": {
    "mods/source_txt.r/hd/env/vis/1_default_day.json": [],
    "mods/source_txt.r/hd/env/vis/act1_barracks_dawn1.json": [],
    "mods/source_txt.r/hd/env/vis/act1_barracks_dawn2.json": [],
    "mods/source_txt.r/hd/env/vis/act1_barracks_day.json": [],
    "mods/source_txt.r/hd/env/vis/act1_barracks_dusk1.json": [],
    "mods/source_txt.r/hd/env/vis/act1_barracks_dusk2.json": [],
    "mods/source_txt.r/hd/env/vis/act1_barracks_night.json": [],
    "mods/source_txt.r/hd/env/vis/act1_campfire_dawn1.json": [],
    "mods/source_txt.r/hd/env/vis/act1_campfire_dawn2.json": [],
    "mods/source_txt.r/hd/env/vis/act1_campfire_day.json": [],
    "mods/source_txt.r/hd/env/vis/act1_campfire_dusk1.json": [],
    "mods/source_txt.r/hd/env/vis/act1_campfire_dusk2.json": [],
    "mods/source_txt.r/hd/env/vis/act1_campfire_night.json": [],
    "mods/source_txt.r/hd/env/vis/act1_catacombs_dawn1.json": [],
    "mods/source_txt.r/hd/env/vis/act1_catacombs_dawn2.json": [],
    "mods/source_txt.r/hd/env/vis/act1_catacombs_day.json": [],
    "mods/source_txt.r/hd/env/vis/act1_catacombs_dusk1.json": [],
    "mods/source_txt.r/hd/env/vis/act1_catacombs_dusk2.json": [],
    "mods/source_txt.r/hd/env/vis/act1_catacombs_night.json": [],
    "mods/source_txt.r/hd/env/vis/act1_cathedral_dawn1.json": [],
    "mods/source_txt.r/hd/env/vis/act1_cathedral_dawn2.json": [],
    "mods/source_txt.r/hd/env/vis/act1_cathedral_day.json": [],
    "mods/source_txt.r/hd/env/vis/act1_cathedral_dusk1.json": [],
    "mods/source_txt.r/hd/env/vis/act1_cathedral_dusk2.json": [],
    "mods/source_txt.r/hd/env/vis/act1_cathedral_night.json": [],
    "mods/source_txt.r/hd/env/vis/act1_caves_dawn1.json": [],
    "mods/source_txt.r/hd/env/vis/act1_caves_dawn2.json": [],
    "mods/source_txt.r/hd/env/vis/act1_caves_day.json": [],
    "mods/source_txt.r/hd/env/vis/act1_caves_dusk1.json": [],
    "mods/source_txt.r/hd/env/vis/act1_caves_dusk2.json": [],
    "mods/source_txt.r/hd/env/vis/act1_caves_night.json": [],
    "mods/source_txt.r/hd/env/vis/act1_court_dawn1.json": [],
    "mods/source_txt.r/hd/env/vis/act1_court_dawn2.json": [],
    "mods/source_txt.r/hd/env/vis/act1_court_day.json": [],
    "mods/source_txt.r/hd/env/vis/act1_court_dusk1.json": [],
    "mods/source_txt.r/hd/env/vis/act1_court_dusk2.json": [],
    "mods/source_txt.r/hd/env/vis/act1_court_night.json": [],
    "mods/source_txt.r/hd/env/vis/act1_crypt_dawn1.json": [],
    "mods/source_txt.r/hd/env/vis/act1_crypt_dawn2.json": [],
    "mods/source_txt.r/hd/env/vis/act1_crypt_day.json": [],
    "mods/source_txt.r/hd/env/vis/act1_crypt_dusk1.json": [],
    "mods/source_txt.r/hd/env/vis/act1_crypt_dusk2.json": [],
    "mods/source_txt.r/hd/env/vis/act1_crypt_night.json": [],
    "mods/source_txt.r/hd/env/vis/act1_outdoors_dawn1.json": [],
    "mods/source_txt.r/hd/env/vis/act1_outdoors_dawn2.json": [],
    "mods/source_txt.r/hd/env/vis/act1_outdoors_day.json": [],
    "mods/source_txt.r/hd/env/vis/act1_outdoors_dusk1.json": [],
    "mods/source_txt.r/hd/env/vis/act1_outdoors_dusk2.json": [],
    "mods/source_txt.r/hd/env/vis/act1_outdoors_interior01_vis.json": [],
    "mods/source_txt.r/hd/env/vis/act1_outdoors_night.json": [],
    "mods/source_txt.r/hd/env/vis/act1_tristram_dawn1.json": [],
    "mods/source_txt.r/hd/env/vis/act1_tristram_dawn2.json": [],
    "mods/source_txt.r/hd/env/vis/act1_tristram_day.json": [],
    "mods/source_txt.r/hd/env/vis/act1_tristram_dusk1.json": [],
    "mods/source_txt.r/hd/env/vis/act1_tristram_dusk2.json": [],
    "mods/source_txt.r/hd/env/vis/act1_tristram_night.json": [],
    "mods/source_txt.r/hd/env/vis/act2_arcane_dawn1.json": [],
    "mods/source_txt.r/hd/env/vis/act2_arcane_dawn2.json": [],
    "mods/source_txt.r/hd/env/vis/act2_arcane_day.json": [],
    "mods/source_txt.r/hd/env/vis/act2_arcane_dusk1.json": [],
    "mods/source_txt.r/hd/env/vis/act2_arcane_dusk2.json": [],
    "mods/source_txt.r/hd/env/vis/act2_arcane_night.json": [],
    "mods/source_txt.r/hd/env/vis/act2_bigcliff_dawn1.json": [],
    "mods/source_txt.r/hd/env/vis/act2_bigcliff_dawn2.json": [],
    "mods/source_txt.r/hd/env/vis/act2_bigcliff_day.json": [],
    "mods/source_txt.r/hd/env/vis/act2_bigcliff_dusk1.json": [],
    "mods/source_txt.r/hd/env/vis/act2_bigcliff_dusk2.json": [],
    "mods/source_txt.r/hd/env/vis/act2_bigcliff_night.json": [],
    "mods/source_txt.r/hd/env/vis/act2_frontend_dawn1.json": [],
    "mods/source_txt.r/hd/env/vis/act2_frontend_dawn2.json": [],
    "mods/source_txt.r/hd/env/vis/act2_frontend_day.json": [],
    "mods/source_txt.r/hd/env/vis/act2_frontend_dusk1.json": [],
    "mods/source_txt.r/hd/env/vis/act2_frontend_dusk2.json": [],
    "mods/source_txt.r/hd/env/vis/act2_frontend_night.json": [],
    "mods/source_txt.r/hd/env/vis/act2_maggot_dawn1.json": [],
    "mods/source_txt.r/hd/env/vis/act2_maggot_dawn2.json": [],
    "mods/source_txt.r/hd/env/vis/act2_maggot_day.json": [],
    "mods/source_txt.r/hd/env/vis/act2_maggot_dusk1.json": [],
    "mods/source_txt.r/hd/env/vis/act2_maggot_dusk2.json": [],
    "mods/source_txt.r/hd/env/vis/act2_maggot_night.json": [],
    "mods/source_txt.r/hd/env/vis/act2_outdoors_dawn1.json": [],
    "mods/source_txt.r/hd/env/vis/act2_outdoors_dawn2.json": [],
    "mods/source_txt.r/hd/env/vis/act2_outdoors_day.json": [],
    "mods/source_txt.r/hd/env/vis/act2_outdoors_dusk1.json": [],
    "mods/source_txt.r/hd/env/vis/act2_outdoors_dusk2.json": [],
    "mods/source_txt.r/hd/env/vis/act2_outdoors_night.json": [],
    "mods/source_txt.r/hd/env/vis/act2_palace_cells_dawn1.json": [],
    "mods/source_txt.r/hd/env/vis/act2_palace_cells_dawn2.json": [],
    "mods/source_txt.r/hd/env/vis/act2_palace_cells_day.json": [],
    "mods/source_txt.r/hd/env/vis/act2_palace_cells_dusk1.json": [],
    "mods/source_txt.r/hd/env/vis/act2_palace_cells_dusk2.json": [],
    "mods/source_txt.r/hd/env/vis/act2_palace_cells_night.json": [],
    "mods/source_txt.r/hd/env/vis/act2_palace_clean_dawn1.json": [],
    "mods/source_txt.r/hd/env/vis/act2_palace_clean_dawn2.json": [],
    "mods/source_txt.r/hd/env/vis/act2_palace_clean_day.json": [],
    "mods/source_txt.r/hd/env/vis/act2_palace_clean_dusk1.json": [],
    "mods/source_txt.r/hd/env/vis/act2_palace_clean_dusk2.json": [],
    "mods/source_txt.r/hd/env/vis/act2_palace_clean_night.json": [],
    "mods/source_txt.r/hd/env/vis/act2_palace_dawn1.json": [],
    "mods/source_txt.r/hd/env/vis/act2_palace_dawn2.json": [],
    "mods/source_txt.r/hd/env/vis/act2_palace_day.json": [],
    "mods/source_txt.r/hd/env/vis/act2_palace_dusk1.json": [],
    "mods/source_txt.r/hd/env/vis/act2_palace_dusk2.json": [],
    "mods/source_txt.r/hd/env/vis/act2_palace_night.json": [],
    "mods/source_txt.r/hd/env/vis/act2_ruin_dawn1.json": [],
    "mods/source_txt.r/hd/env/vis/act2_ruin_dawn2.json": [],
    "mods/source_txt.r/hd/env/vis/act2_ruin_day.json": [],
    "mods/source_txt.r/hd/env/vis/act2_ruin_dusk1.json": [],
    "mods/source_txt.r/hd/env/vis/act2_ruin_dusk2.json": [],
    "mods/source_txt.r/hd/env/vis/act2_ruin_night.json": [],
    "mods/source_txt.r/hd/env/vis/act2_sewer_dawn1.json": [],
    "mods/source_txt.r/hd/env/vis/act2_sewer_dawn2.json": [],
    "mods/source_txt.r/hd/env/vis/act2_sewer_day.json": [],
    "mods/source_txt.r/hd/env/vis/act2_sewer_dusk1.json": [],
    "mods/source_txt.r/hd/env/vis/act2_sewer_dusk2.json": [],
    "mods/source_txt.r/hd/env/vis/act2_sewer_night.json": [],
    "mods/source_txt.r/hd/env/vis/act2_tainted_sun.json": [],
    "mods/source_txt.r/hd/env/vis/act2_tomb_dawn1.json": [],
    "mods/source_txt.r/hd/env/vis/act2_tomb_dawn2.json": [],
    "mods/source_txt.r/hd/env/vis/act2_tomb_day.json": [],
    "mods/source_txt.r/hd/env/vis/act2_tomb_dusk1.json": [],
    "mods/source_txt.r/hd/env/vis/act2_tomb_dusk2.json": [],
    "mods/source_txt.r/hd/env/vis/act2_tomb_night.json": [],
    "mods/source_txt.r/hd/env/vis/act2_town_dawn1.json": [],
    "mods/source_txt.r/hd/env/vis/act2_town_dawn2.json": [],
    "mods/source_txt.r/hd/env/vis/act2_town_day.json": [],
    "mods/source_txt.r/hd/env/vis/act2_town_dusk1.json": [],
    "mods/source_txt.r/hd/env/vis/act2_town_dusk2.json": [],
    "mods/source_txt.r/hd/env/vis/act2_town_interior_vis.json": [],
    "mods/source_txt.r/hd/env/vis/act2_town_night.json": [],
    "mods/source_txt.r/hd/env/vis/act3_docktown_dawn1.json": [],
    "mods/source_txt.r/hd/env/vis/act3_docktown_dawn2.json": [],
    "mods/source_txt.r/hd/env/vis/act3_docktown_day.json": [],
    "mods/source_txt.r/hd/env/vis/act3_docktown_dusk1.json": [],
    "mods/source_txt.r/hd/env/vis/act3_docktown_dusk2.json": [],
    "mods/source_txt.r/hd/env/vis/act3_docktown_night.json": [],
    "mods/source_txt.r/hd/env/vis/act3_jungle_dawn1.json": [],
    "mods/source_txt.r/hd/env/vis/act3_jungle_dawn2.json": [],
    "mods/source_txt.r/hd/env/vis/act3_jungle_day.json": [],
    "mods/source_txt.r/hd/env/vis/act3_jungle_dungeon_dawn1.json": [],
    "mods/source_txt.r/hd/env/vis/act3_jungle_dungeon_dawn2.json": [],
    "mods/source_txt.r/hd/env/vis/act3_jungle_dungeon_day.json": [],
    "mods/source_txt.r/hd/env/vis/act3_jungle_dungeon_dusk1.json": [],
    "mods/source_txt.r/hd/env/vis/act3_jungle_dungeon_dusk2.json": [],
    "mods/source_txt.r/hd/env/vis/act3_jungle_dungeon_night.json": [],
    "mods/source_txt.r/hd/env/vis/act3_jungle_dusk1.json": [],
    "mods/source_txt.r/hd/env/vis/act3_jungle_dusk2.json": [],
    "mods/source_txt.r/hd/env/vis/act3_jungle_night.json": [],
    "mods/source_txt.r/hd/env/vis/act3_kurast_dawn1.json": [],
    "mods/source_txt.r/hd/env/vis/act3_kurast_dawn2.json": [],
    "mods/source_txt.r/hd/env/vis/act3_kurast_day.json": [],
    "mods/source_txt.r/hd/env/vis/act3_kurast_dusk1.json": [],
    "mods/source_txt.r/hd/env/vis/act3_kurast_dusk2.json": [],
    "mods/source_txt.r/hd/env/vis/act3_kurast_night.json": [],
    "mods/source_txt.r/hd/env/vis/act3_kurast_stone_tile_dawn1.json": [],
    "mods/source_txt.r/hd/env/vis/act3_kurast_stone_tile_dawn2.json": [],
    "mods/source_txt.r/hd/env/vis/act3_kurast_stone_tile_day.json": [],
    "mods/source_txt.r/hd/env/vis/act3_kurast_stone_tile_dusk1.json": [],
    "mods/source_txt.r/hd/env/vis/act3_kurast_stone_tile_dusk2.json": [],
    "mods/source_txt.r/hd/env/vis/act3_kurast_stone_tile_night.json": [],
    "mods/source_txt.r/hd/env/vis/act3_sewer_dawn1.json": [],
    "mods/source_txt.r/hd/env/vis/act3_sewer_dawn2.json": [],
    "mods/source_txt.r/hd/env/vis/act3_sewer_day.json": [],
    "mods/source_txt.r/hd/env/vis/act3_sewer_dusk1.json": [],
    "mods/source_txt.r/hd/env/vis/act3_sewer_dusk2.json": [],
    "mods/source_txt.r/hd/env/vis/act3_sewer_night.json": [],
    "mods/source_txt.r/hd/env/vis/act3_spider_dawn1.json": [],
    "mods/source_txt.r/hd/env/vis/act3_spider_dawn2.json": [],
    "mods/source_txt.r/hd/env/vis/act3_spider_day.json": [],
    "mods/source_txt.r/hd/env/vis/act3_spider_dusk1.json": [],
    "mods/source_txt.r/hd/env/vis/act3_spider_dusk2.json": [],
    "mods/source_txt.r/hd/env/vis/act3_spider_night.json": [],
    "mods/source_txt.r/hd/env/vis/act3_temple_dawn1.json": [],
    "mods/source_txt.r/hd/env/vis/act3_temple_dawn2.json": [],
    "mods/source_txt.r/hd/env/vis/act3_temple_day.json": [],
    "mods/source_txt.r/hd/env/vis/act3_temple_dusk1.json": [],
    "mods/source_txt.r/hd/env/vis/act3_temple_dusk2.json": [],
    "mods/source_txt.r/hd/env/vis/act3_temple_night.json": [],
    "mods/source_txt.r/hd/env/vis/act3_travincal_dawn1.json": [],
    "mods/source_txt.r/hd/env/vis/act3_travincal_dawn2.json": [],
    "mods/source_txt.r/hd/env/vis/act3_travincal_day.json": [],
    "mods/source_txt.r/hd/env/vis/act3_travincal_dusk1.json": [],
    "mods/source_txt.r/hd/env/vis/act3_travincal_dusk2.json": [],
    "mods/source_txt.r/hd/env/vis/act3_travincal_night.json": [],
    "mods/source_txt.r/hd/env/vis/act4_diab_dawn1.json": [],
    "mods/source_txt.r/hd/env/vis/act4_diab_dawn2.json": [],
    "mods/source_txt.r/hd/env/vis/act4_diab_day.json": [],
    "mods/source_txt.r/hd/env/vis/act4_diab_dusk1.json": [],
    "mods/source_txt.r/hd/env/vis/act4_diab_dusk2.json": [],
    "mods/source_txt.r/hd/env/vis/act4_diab_night.json": [],
    "mods/source_txt.r/hd/env/vis/act4_fort_dawn1.json": [],
    "mods/source_txt.r/hd/env/vis/act4_fort_dawn2.json": [],
    "mods/source_txt.r/hd/env/vis/act4_fort_day.json": [],
    "mods/source_txt.r/hd/env/vis/act4_fort_dusk1.json": [],
    "mods/source_txt.r/hd/env/vis/act4_fort_dusk2.json": [],
    "mods/source_txt.r/hd/env/vis/act4_fort_interior_vis.json": [],
    "mods/source_txt.r/hd/env/vis/act4_fort_night.json": [],
    "mods/source_txt.r/hd/env/vis/act4_lava_dawn1.json": [],
    "mods/source_txt.r/hd/env/vis/act4_lava_dawn2.json": [],
    "mods/source_txt.r/hd/env/vis/act4_lava_day.json": [],
    "mods/source_txt.r/hd/env/vis/act4_lava_dusk1.json": [],
    "mods/source_txt.r/hd/env/vis/act4_lava_dusk2.json": [],
    "mods/source_txt.r/hd/env/vis/act4_lava_night.json": [],
    "mods/source_txt.r/hd/env/vis/act4_mesa_dawn1.json": [],
    "mods/source_txt.r/hd/env/vis/act4_mesa_dawn2.json": [],
    "mods/source_txt.r/hd/env/vis/act4_mesa_day.json": [],
    "mods/source_txt.r/hd/env/vis/act4_mesa_dusk1.json": [],
    "mods/source_txt.r/hd/env/vis/act4_mesa_dusk2.json": [],
    "mods/source_txt.r/hd/env/vis/act4_mesa_night.json": [],
    "mods/source_txt.r/hd/env/vis/chad_test_dawn1.json": [],
    "mods/source_txt.r/hd/env/vis/chad_test_dawn2.json": [],
    "mods/source_txt.r/hd/env/vis/chad_test_day.json": [],
    "mods/source_txt.r/hd/env/vis/chad_test_dusk1.json": [],
    "mods/source_txt.r/hd/env/vis/chad_test_dusk2.json": [],
    "mods/source_txt.r/hd/env/vis/chad_test_night.json": [],
    "mods/source_txt.r/hd/env/vis/denofevil_vis.json": [],
    "mods/source_txt.r/hd/env/vis/diabloappears_vis.json": [],
    "mods/source_txt.r/hd/env/vis/directshadowtest_dawn1.json": [],
    "mods/source_txt.r/hd/env/vis/directshadowtest_dawn2.json": [],
    "mods/source_txt.r/hd/env/vis/directshadowtest_day.json": [],
    "mods/source_txt.r/hd/env/vis/directshadowtest_dusk1.json": [],
    "mods/source_txt.r/hd/env/vis/directshadowtest_dusk2.json": [],
    "mods/source_txt.r/hd/env/vis/directshadowtest_night.json": [],
    "mods/source_txt.r/hd/env/vis/expansion_baallair_dawn1.json": [],
    "mods/source_txt.r/hd/env/vis/expansion_baallair_dawn2.json": [],
    "mods/source_txt.r/hd/env/vis/expansion_baallair_day.json": [],
    "mods/source_txt.r/hd/env/vis/expansion_baallair_dusk1.json": [],
    "mods/source_txt.r/hd/env/vis/expansion_baallair_dusk2.json": [],
    "mods/source_txt.r/hd/env/vis/expansion_baallair_night.json": [],
    "mods/source_txt.r/hd/env/vis/expansion_baallair_throneroom_dawn1.json": [],
    "mods/source_txt.r/hd/env/vis/expansion_baallair_throneroom_dawn2.json": [],
    "mods/source_txt.r/hd/env/vis/expansion_baallair_throneroom_day.json": [],
    "mods/source_txt.r/hd/env/vis/expansion_baallair_throneroom_dusk1.json": [],
    "mods/source_txt.r/hd/env/vis/expansion_baallair_throneroom_dusk2.json": [],
    "mods/source_txt.r/hd/env/vis/expansion_baallair_throneroom_night.json": [],
    "mods/source_txt.r/hd/env/vis/expansion_icecave_dawn1.json": [],
    "mods/source_txt.r/hd/env/vis/expansion_icecave_dawn2.json": [],
    "mods/source_txt.r/hd/env/vis/expansion_icecave_day.json": [],
    "mods/source_txt.r/hd/env/vis/expansion_icecave_dusk1.json": [],
    "mods/source_txt.r/hd/env/vis/expansion_icecave_dusk2.json": [],
    "mods/source_txt.r/hd/env/vis/expansion_icecave_night.json": [],
    "mods/source_txt.r/hd/env/vis/expansion_mountaintop_dawn1.json": [],
    "mods/source_txt.r/hd/env/vis/expansion_mountaintop_dawn2.json": [],
    "mods/source_txt.r/hd/env/vis/expansion_mountaintop_day.json": [],
    "mods/source_txt.r/hd/env/vis/expansion_mountaintop_dusk1.json": [],
    "mods/source_txt.r/hd/env/vis/expansion_mountaintop_dusk2.json": [],
    "mods/source_txt.r/hd/env/vis/expansion_mountaintop_night.json": [],
    "mods/source_txt.r/hd/env/vis/expansion_ruins_dawn1.json": [],
    "mods/source_txt.r/hd/env/vis/expansion_ruins_dawn2.json": [],
    "mods/source_txt.r/hd/env/vis/expansion_ruins_day.json": [],
    "mods/source_txt.r/hd/env/vis/expansion_ruins_dusk1.json": [],
    "mods/source_txt.r/hd/env/vis/expansion_ruins_dusk2.json": [],
    "mods/source_txt.r/hd/env/vis/expansion_ruins_night.json": [],
    "mods/source_txt.r/hd/env/vis/expansion_ruins_snow_dawn1.json": [],
    "mods/source_txt.r/hd/env/vis/expansion_ruins_snow_dawn2.json": [],
    "mods/source_txt.r/hd/env/vis/expansion_ruins_snow_day.json": [],
    "mods/source_txt.r/hd/env/vis/expansion_ruins_snow_dusk1.json": [],
    "mods/source_txt.r/hd/env/vis/expansion_ruins_snow_dusk2.json": [],
    "mods/source_txt.r/hd/env/vis/expansion_ruins_snow_night.json": [],
    "mods/source_txt.r/hd/env/vis/expansion_siege_dawn1.json": [],
    "mods/source_txt.r/hd/env/vis/expansion_siege_dawn2.json": [],
    "mods/source_txt.r/hd/env/vis/expansion_siege_day.json": [],
    "mods/source_txt.r/hd/env/vis/expansion_siege_dusk1.json": [],
    "mods/source_txt.r/hd/env/vis/expansion_siege_dusk2.json": [],
    "mods/source_txt.r/hd/env/vis/expansion_siege_night.json": [],
    "mods/source_txt.r/hd/env/vis/expansion_siege_town_dawn1.json": [],
    "mods/source_txt.r/hd/env/vis/expansion_siege_town_dawn2.json": [],
    "mods/source_txt.r/hd/env/vis/expansion_siege_town_day.json": [],
    "mods/source_txt.r/hd/env/vis/expansion_siege_town_dusk1.json": [],
    "mods/source_txt.r/hd/env/vis/expansion_siege_town_dusk2.json": [],
    "mods/source_txt.r/hd/env/vis/expansion_siege_town_night.json": [],
    "mods/source_txt.r/hd/env/vis/expansion_town_dawn1.json": [],
    "mods/source_txt.r/hd/env/vis/expansion_town_dawn2.json": [],
    "mods/source_txt.r/hd/env/vis/expansion_town_day.json": [],
    "mods/source_txt.r/hd/env/vis/expansion_town_dusk1.json": [],
    "mods/source_txt.r/hd/env/vis/expansion_town_dusk2.json": [],
    "mods/source_txt.r/hd/env/vis/expansion_town_night.json": [],
    "mods/source_txt.r/hd/env/vis/expansion_wildtemple_dawn1.json": [],
    "mods/source_txt.r/hd/env/vis/expansion_wildtemple_dawn2.json": [],
    "mods/source_txt.r/hd/env/vis/expansion_wildtemple_day.json": [],
    "mods/source_txt.r/hd/env/vis/expansion_wildtemple_dusk1.json": [],
    "mods/source_txt.r/hd/env/vis/expansion_wildtemple_dusk2.json": [],
    "mods/source_txt.r/hd/env/vis/expansion_wildtemple_night.json": [],
    "mods/source_txt.r/hd/env/vis/expansion_wildtemple_tempenter_dawn1.json": [],
    "mods/source_txt.r/hd/env/vis/expansion_wildtemple_tempenter_dawn2.json": [],
    "mods/source_txt.r/hd/env/vis/expansion_wildtemple_tempenter_day.json": [],
    "mods/source_txt.r/hd/env/vis/expansion_wildtemple_tempenter_dusk1.json": [],
    "mods/source_txt.r/hd/env/vis/expansion_wildtemple_tempenter_dusk2.json": [],
    "mods/source_txt.r/hd/env/vis/expansion_wildtemple_tempenter_night.json": [],
    "mods/source_txt.r/hd/env/vis/graphics_dawn1.json": [],
    "mods/source_txt.r/hd/env/vis/graphics_dawn2.json": [],
    "mods/source_txt.r/hd/env/vis/graphics_day.json": [],
    "mods/source_txt.r/hd/env/vis/graphics_dusk1.json": [],
    "mods/source_txt.r/hd/env/vis/graphics_dusk2.json": [],
    "mods/source_txt.r/hd/env/vis/graphics_night.json": [],
    "mods/source_txt.r/hd/env/vis/lightroom_dawn1.json": [],
    "mods/source_txt.r/hd/env/vis/lightroom_dawn2.json": [],
    "mods/source_txt.r/hd/env/vis/lightroom_day.json": [],
    "mods/source_txt.r/hd/env/vis/lightroom_dusk1.json": [],
    "mods/source_txt.r/hd/env/vis/lightroom_dusk2.json": [],
    "mods/source_txt.r/hd/env/vis/lightroom_night.json": [],
    "mods/source_txt.r/hd/env/vis/master_vis.json": [],
    "mods/source_txt.r/hd/env/vis/spotlighttest_dawn1.json": [],
    "mods/source_txt.r/hd/env/vis/spotlighttest_dawn2.json": [],
    "mods/source_txt.r/hd/env/vis/spotlighttest_day.json": [],
    "mods/source_txt.r/hd/env/vis/spotlighttest_dusk1.json": [],
    "mods/source_txt.r/hd/env/vis/spotlighttest_dusk2.json": [],
    "mods/source_txt.r/hd/env/vis/spotlighttest_night.json": [],
    "mods/source_txt.r/hd/env/vis/test_vfx_dungeon_wr01_vis.json": [],
    "mods/source_txt.r/hd/env/vis/ui_charactercreate_dawn1.json": [],
    "mods/source_txt.r/hd/env/vis/ui_charactercreate_dawn2.json": [],
    "mods/source_txt.r/hd/env/vis/ui_charactercreate_day.json": [],
    "mods/source_txt.r/hd/env/vis/ui_charactercreate_dusk1.json": [],
    "mods/source_txt.r/hd/env/vis/ui_charactercreate_dusk2.json": [],
    "mods/source_txt.r/hd/env/vis/ui_charactercreate_night.json": [],
    "mods/source_txt.r/hd/env/vis/ui_frontend_act1_vignette.json": [],
    "mods/source_txt.r/hd/env/vis/ui_frontend_act2_vignette.json": [],
    "mods/source_txt.r/hd/env/vis/ui_frontend_act3_vignette.json": [],
    "mods/source_txt.r/hd/env/vis/ui_frontend_act4_vignette.json": [],
    "mods/source_txt.r/hd/env/vis/ui_frontend_act5_vignette.json": [],
    "mods/source_txt.r/hd/env/vis/ui_frontend_charactercreate.json": [],
    "mods/source_txt.r/hd/env/vis/ui_frontend_lobby.json": [],
    "mods/source_txt.r/hd/env/vis/viewer_units.json": [],
    "mods/source_txt.r/hd/env/vis/vis_box_test_vfx_wr01_vis.json": [],
    "mods/source_txt.r/hd/env/vis/vis_box_test_vfx_wr02_vis.json": [],
    "mods/source_txt.r/hd/env/vis/vis_box_test_vfx_wr03_vis.json": [],
    "mods/source_txt.r/hd/env/vis/visbox_act1_cathedral_vis.json": [],
    "mods/source_txt.r/hd/env/vis/visbox_docktown_interior01_vis.json": [],
    "mods/source_txt.r/hd/env/vis/visbox_harrograth_vis.json": [],
    "mods/source_txt.r/hd/env/vis/visbox_kurast_hut_ambient_vis.json": [],
    "mods/source_txt.r/hd/env/vis/visbox_kurast_temple_ambient_vis.json": [],
    "mods/source_txt.r/hd/env/vis/visbox_monastry_vis.json": [],
    "mods/source_txt.r/hd/env/vis/visbox_tempenter_darkness_vis.json": [],
    "mods/source_txt.r/hd/env/vis/visbox_tempenter_roof_vis.json": [],
    "mods/source_txt.r/hd/env/vis/visbox_tower_vis.json": [],
    "mods/source_txt.r/hd/missiles/ancient_death_center.json": [],
    "mods/source_txt.r/hd/missiles/andariel_flame_death.json": [],
    "mods/source_txt.r/hd/missiles/andariel_spell.json": [],
    "mods/source_txt.r/hd/missiles/andyfirewall.json": [],
    "mods/source_txt.r/hd/missiles/anyasteam_1.json": [],
    "mods/source_txt.r/hd/missiles/anyasteam_2.json": [],
    "mods/source_txt.r/hd/missiles/anyasteamvent.json": [],
    "mods/source_txt.r/hd/missiles/arcanelightningbolt.json": [],
    "mods/source_txt.r/hd/missiles/arrow.json": [],
    "mods/source_txt.r/hd/missiles/arrow_in_ground.json": [],
    "mods/source_txt.r/hd/missiles/b_a_yell_shock_wave_01.json": [],
    "mods/source_txt.r/hd/missiles/b_r_smoke_d_t.json": [],
    "mods/source_txt.r/hd/missiles/b_r_smoke_n_u.json": [],
    "mods/source_txt.r/hd/missiles/b_r_smoke_s_1.json": [],
    "mods/source_txt.r/hd/missiles/b_r_spirit_d_t.json": [],
    "mods/source_txt.r/hd/missiles/b_r_spirit_n_u.json": [],
    "mods/source_txt.r/hd/missiles/b_r_spirit_s_1.json": [],
    "mods/source_txt.r/hd/missiles/balanced_axe_missile.json": [],
    "mods/source_txt.r/hd/missiles/balanced_knife_missile.json": [],
    "mods/source_txt.r/hd/missiles/bighead_lightning_explosion.json": [],
    "mods/source_txt.r/hd/missiles/bighead_lightning_missile.json": [],
    "mods/source_txt.r/hd/missiles/blessedhammer.json": [],
    "mods/source_txt.r/hd/missiles/blizzard.json": [],
    "mods/source_txt.r/hd/missiles/blood_large_01.json": [],
    "mods/source_txt.r/hd/missiles/blood_large_02.json": [],
    "mods/source_txt.r/hd/missiles/blood_small_01.json": [],
    "mods/source_txt.r/hd/missiles/blood_small_02.json": [],
    "mods/source_txt.r/hd/missiles/blowdart.json": [],
    "mods/source_txt.r/hd/missiles/blue_nova_b.json": [],
    "mods/source_txt.r/hd/missiles/bone_cast.json": [],
    "mods/source_txt.r/hd/missiles/bone_spear.json": [],
    "mods/source_txt.r/hd/missiles/bone_spear_trail.json": [],
    "mods/source_txt.r/hd/missiles/bone_spirit.json": [],
    "mods/source_txt.r/hd/missiles/bone_spirit_explode.json": [],
    "mods/source_txt.r/hd/missiles/brdeathlightningbolt.json": [],
    "mods/source_txt.r/hd/missiles/cairn_stones_bolt.json": [],
    "mods/source_txt.r/hd/missiles/cairnstonesground.json": [],
    "mods/source_txt.r/hd/missiles/catapult_cold_ball_on.json": [],
    "mods/source_txt.r/hd/missiles/catapult_meteor_ball.json": [],
    "mods/source_txt.r/hd/missiles/catapult_meteor_ball_on.json": [],
    "mods/source_txt.r/hd/missiles/catapult_plague_ball_on.json": [],
    "mods/source_txt.r/hd/missiles/catapultchargedball_on.json": [],
    "mods/source_txt.r/hd/missiles/ceiling_chunk_fall_01.json": [],
    "mods/source_txt.r/hd/missiles/ceiling_chunk_fall_02.json": [],
    "mods/source_txt.r/hd/missiles/ceiling_chunk_fall_03.json": [],
    "mods/source_txt.r/hd/missiles/ceiling_chunk_remain_01.json": [],
    "mods/source_txt.r/hd/missiles/ceiling_chunk_remain_02.json": [],
    "mods/source_txt.r/hd/missiles/ceiling_chunk_remain_03.json": [],
    "mods/source_txt.r/hd/missiles/ceiling_chunk_vanish_01.json": [],
    "mods/source_txt.r/hd/missiles/ceiling_chunk_vanish_02.json": [],
    "mods/source_txt.r/hd/missiles/chainlightningbolt.json": [],
    "mods/source_txt.r/hd/missiles/charged_bolt.json": [],
    "mods/source_txt.r/hd/missiles/chill_blood.json": [],
    "mods/source_txt.r/hd/missiles/chill_blood_puff.json": [],
    "mods/source_txt.r/hd/missiles/corpse_explode_guts.json": [],
    "mods/source_txt.r/hd/missiles/corpse_explode_guts_poison.json": [],
    "mods/source_txt.r/hd/missiles/curse_area.json": [],
    "mods/source_txt.r/hd/missiles/curse_cast.json": [],
    "mods/source_txt.r/hd/missiles/cursecenter.json": [],
    "mods/source_txt.r/hd/missiles/diablo_lightning.json": [],
    "mods/source_txt.r/hd/missiles/diablogeddonexplosion.json": [],
    "mods/source_txt.r/hd/missiles/diablogeddonrock.json": [],
    "mods/source_txt.r/hd/missiles/diabwall.json": [],
    "mods/source_txt.r/hd/missiles/diabwallmaker.json": [],
    "mods/source_txt.r/hd/missiles/dopplezon_explode.json": [],
    "mods/source_txt.r/hd/missiles/electric_nova.json": [],
    "mods/source_txt.r/hd/missiles/exp_arrow_explode.json": [],
    "mods/source_txt.r/hd/missiles/expansion_ancient_death_missile.json": [],
    "mods/source_txt.r/hd/missiles/expansion_arctic_blast_ice.json": [],
    "mods/source_txt.r/hd/missiles/expansion_arctic_blast_ice_2.json": [],
    "mods/source_txt.r/hd/missiles/expansion_armageddon_fire.json": [],
    "mods/source_txt.r/hd/missiles/expansion_armageddon_rock.json": [],
    "mods/source_txt.r/hd/missiles/expansion_b_ceiling_chunk_break.json": [],
    "mods/source_txt.r/hd/missiles/expansion_b_ceiling_chunk_fall_1.json": [],
    "mods/source_txt.r/hd/missiles/expansion_b_ceiling_chunk_fall_2.json": [],
    "mods/source_txt.r/hd/missiles/expansion_b_ceiling_chunk_fall_3.json": [],
    "mods/source_txt.r/hd/missiles/expansion_baaldeathghostie_01.json": [],
    "mods/source_txt.r/hd/missiles/expansion_baaldeathghostie_02.json": [],
    "mods/source_txt.r/hd/missiles/expansion_baaldeathhead_01.json": [],
    "mods/source_txt.r/hd/missiles/expansion_baaldeathhead_02.json": [],
    "mods/source_txt.r/hd/missiles/expansion_baaldeathhead_03.json": [],
    "mods/source_txt.r/hd/missiles/expansion_baaldeathswirl.json": [],
    "mods/source_txt.r/hd/missiles/expansion_baalmissile.json": [],
    "mods/source_txt.r/hd/missiles/expansion_baalsummonmissile.json": [],
    "mods/source_txt.r/hd/missiles/expansion_baalsummonmissile_2.json": [],
    "mods/source_txt.r/hd/missiles/expansion_baalsummonoverlay.json": [],
    "mods/source_txt.r/hd/missiles/expansion_baalsummonsmall.json": [],
    "mods/source_txt.r/hd/missiles/expansion_baalteleport.json": [],
    "mods/source_txt.r/hd/missiles/expansion_blade_shield_missile.json": [],
    "mods/source_txt.r/hd/missiles/expansion_bladefury.json": [],
    "mods/source_txt.r/hd/missiles/expansion_bladefury_b.json": [],
    "mods/source_txt.r/hd/missiles/expansion_bladefury_c.json": [],
    "mods/source_txt.r/hd/missiles/expansion_bone_pieces.json": [],
    "mods/source_txt.r/hd/missiles/expansion_c_e_baal.json": [],
    "mods/source_txt.r/hd/missiles/expansion_c_e_baal_fade.json": [],
    "mods/source_txt.r/hd/missiles/expansion_caltrops.json": [],
    "mods/source_txt.r/hd/missiles/expansion_catapultpoisonbomb.json": [],
    "mods/source_txt.r/hd/missiles/expansion_deathmaulerfadeout.json": [],
    "mods/source_txt.r/hd/missiles/expansion_deathmaulerfingers.json": [],
    "mods/source_txt.r/hd/missiles/expansion_deathmaulermissile.json": [],
    "mods/source_txt.r/hd/missiles/expansion_dethsentry_02.json": [],
    "mods/source_txt.r/hd/missiles/expansion_eruption_crack.json": [],
    "mods/source_txt.r/hd/missiles/expansion_eruption_smoke.json": [],
    "mods/source_txt.r/hd/missiles/expansion_fire_spike_explode.json": [],
    "mods/source_txt.r/hd/missiles/expansion_fire_spikes.json": [],
    "mods/source_txt.r/hd/missiles/expansion_fire_spikes_ground.json": [],
    "mods/source_txt.r/hd/missiles/expansion_fire_trauma_ground.json": [],
    "mods/source_txt.r/hd/missiles/expansion_fire_trauma_missile.json": [],
    "mods/source_txt.r/hd/missiles/expansion_fire_trauma_xplosion.json": [],
    "mods/source_txt.r/hd/missiles/expansion_firenova.json": [],
    "mods/source_txt.r/hd/missiles/expansion_firestorm_emitter.json": [],
    "mods/source_txt.r/hd/missiles/expansion_hurricane_cart.json": [],
    "mods/source_txt.r/hd/missiles/expansion_hurricane_rocks.json": [],
    "mods/source_txt.r/hd/missiles/expansion_hurricane_sack.json": [],
    "mods/source_txt.r/hd/missiles/expansion_hurricane_swoosh.json": [],
    "mods/source_txt.r/hd/missiles/expansion_hurricane_tree.json": [],
    "mods/source_txt.r/hd/missiles/expansion_hurricane_vase.json": [],
    "mods/source_txt.r/hd/missiles/expansion_ice_cave_eruption.json": [],
    "mods/source_txt.r/hd/missiles/expansion_ice_smoke.json": [],
    "mods/source_txt.r/hd/missiles/expansion_icecavequest_magic.json": [],
    "mods/source_txt.r/hd/missiles/expansion_icecavequest_steam.json": [],
    "mods/source_txt.r/hd/missiles/expansion_iceglint.json": [],
    "mods/source_txt.r/hd/missiles/expansion_iceimpact.json": [],
    "mods/source_txt.r/hd/missiles/expansion_icicle.json": [],
    "mods/source_txt.r/hd/missiles/expansion_imp_fireball.json": [],
    "mods/source_txt.r/hd/missiles/expansion_impmissile_01.json": [],
    "mods/source_txt.r/hd/missiles/expansion_impmissile_2.json": [],
    "mods/source_txt.r/hd/missiles/expansion_impteleport.json": [],
    "mods/source_txt.r/hd/missiles/expansion_lightningpiece.json": [],
    "mods/source_txt.r/hd/missiles/expansion_lure_cloud.json": [],
    "mods/source_txt.r/hd/missiles/expansion_mindblast.json": [],
    "mods/source_txt.r/hd/missiles/expansion_molten_boulder_emerge.json": [],
    "mods/source_txt.r/hd/missiles/expansion_molten_boulder_roll.json": [],
    "mods/source_txt.r/hd/missiles/expansion_molten_fragment_d.json": [],
    "mods/source_txt.r/hd/missiles/expansion_nehlithak_glow.json": [],
    "mods/source_txt.r/hd/missiles/expansion_nehlthak_hole.json": [],
    "mods/source_txt.r/hd/missiles/expansion_nehlthak_hole_light.json": [],
    "mods/source_txt.r/hd/missiles/expansion_nehlthak_swoosh.json": [],
    "mods/source_txt.r/hd/missiles/expansion_nihlathak_a.json": [],
    "mods/source_txt.r/hd/missiles/expansion_nihlathak_b.json": [],
    "mods/source_txt.r/hd/missiles/expansion_nihlathak_c.json": [],
    "mods/source_txt.r/hd/missiles/expansion_overseer_missile.json": [],
    "mods/source_txt.r/hd/missiles/expansion_pod_attack_1.json": [],
    "mods/source_txt.r/hd/missiles/expansion_pod_death_1.json": [],
    "mods/source_txt.r/hd/missiles/expansion_pod_jump_fade_out.json": [],
    "mods/source_txt.r/hd/missiles/expansion_pod_neutral_1.json": [],
    "mods/source_txt.r/hd/missiles/expansion_pod_neutral_fade_out.json": [],
    "mods/source_txt.r/hd/missiles/expansion_pod_walk_1.json": [],
    "mods/source_txt.r/hd/missiles/expansion_pod_walk_1_fade_out.json": [],
    "mods/source_txt.r/hd/missiles/expansion_pod_walk_2.json": [],
    "mods/source_txt.r/hd/missiles/expansion_pod_walk_2_fade_out.json": [],
    "mods/source_txt.r/hd/missiles/expansion_rock_lava_explosion.json": [],
    "mods/source_txt.r/hd/missiles/expansion_rock_lava_pool.json": [],
    "mods/source_txt.r/hd/missiles/expansion_shock_field.json": [],
    "mods/source_txt.r/hd/missiles/expansion_shockwave.json": [],
    "mods/source_txt.r/hd/missiles/expansion_skeleton_pieces_a.json": [],
    "mods/source_txt.r/hd/missiles/expansion_skeleton_pieces_b.json": [],
    "mods/source_txt.r/hd/missiles/expansion_skeleton_pieces_c.json": [],
    "mods/source_txt.r/hd/missiles/expansion_skeleton_pieces_d.json": [],
    "mods/source_txt.r/hd/missiles/expansion_throwing_star_missile.json": [],
    "mods/source_txt.r/hd/missiles/expansion_tornado.json": [],
    "mods/source_txt.r/hd/missiles/expansion_tower_debris.json": [],
    "mods/source_txt.r/hd/missiles/expansion_twister.json": [],
    "mods/source_txt.r/hd/missiles/expansion_vines.json": [],
    "mods/source_txt.r/hd/missiles/expansion_vines_death.json": [],
    "mods/source_txt.r/hd/missiles/expansion_volcano_base.json": [],
    "mods/source_txt.r/hd/missiles/expansion_volcano_fire.json": [],
    "mods/source_txt.r/hd/missiles/expansion_volcano_rock.json": [],
    "mods/source_txt.r/hd/missiles/expansion_wallfire_low_tiny.json": [],
    "mods/source_txt.r/hd/missiles/expansion_wstonechips_1.json": [],
    "mods/source_txt.r/hd/missiles/expansion_wstonechips_2.json": [],
    "mods/source_txt.r/hd/missiles/expansion_wstonechips_3.json": [],
    "mods/source_txt.r/hd/missiles/expansion_wstonechips_4.json": [],
    "mods/source_txt.r/hd/missiles/explosion_spark.json": [],
    "mods/source_txt.r/hd/missiles/explosion_spark_small.json": [],
    "mods/source_txt.r/hd/missiles/f_o_aorbiter.json": [],
    "mods/source_txt.r/hd/missiles/finger_mage_spider.json": [],
    "mods/source_txt.r/hd/missiles/fire_arrow.json": [],
    "mods/source_txt.r/hd/missiles/fire_arrow_explode_2.json": [],
    "mods/source_txt.r/hd/missiles/fire_smoke.json": [],
    "mods/source_txt.r/hd/missiles/fireball.json": [],
    "mods/source_txt.r/hd/missiles/firebolt.json": [],
    "mods/source_txt.r/hd/missiles/firewallmaker.json": [],
    "mods/source_txt.r/hd/missiles/flamethrower.json": [],
    "mods/source_txt.r/hd/missiles/flamethrower_2.json": [],
    "mods/source_txt.r/hd/missiles/footsteps_01.json": [],
    "mods/source_txt.r/hd/missiles/freeze_explode_center.json": [],
    "mods/source_txt.r/hd/missiles/freeze_explode_ejecta.json": [],
    "mods/source_txt.r/hd/missiles/frog_poison_missile.json": [],
    "mods/source_txt.r/hd/missiles/frogpoisonmissile.json": [],
    "mods/source_txt.r/hd/missiles/frost_nova.json": [],
    "mods/source_txt.r/hd/missiles/fsexplode.json": [],
    "mods/source_txt.r/hd/missiles/furylightning.json": [],
    "mods/source_txt.r/hd/missiles/glacial_spike.json": [],
    "mods/source_txt.r/hd/missiles/glaive.json": [],
    "mods/source_txt.r/hd/missiles/gleam.json": [],
    "mods/source_txt.r/hd/missiles/goo_hit.json": [],
    "mods/source_txt.r/hd/missiles/greater_mummy_breath.json": [],
    "mods/source_txt.r/hd/missiles/grim_ward_large.json": [],
    "mods/source_txt.r/hd/missiles/grim_ward_large_start.json": [],
    "mods/source_txt.r/hd/missiles/grim_ward_large_stop.json": [],
    "mods/source_txt.r/hd/missiles/grim_ward_medium.json": [],
    "mods/source_txt.r/hd/missiles/grim_ward_medium_start.json": [],
    "mods/source_txt.r/hd/missiles/grim_ward_medium_stop.json": [],
    "mods/source_txt.r/hd/missiles/grim_ward_small.json": [],
    "mods/source_txt.r/hd/missiles/grim_ward_small_start.json": [],
    "mods/source_txt.r/hd/missiles/grim_ward_small_stop.json": [],
    "mods/source_txt.r/hd/missiles/ground_fire_big.json": [],
    "mods/source_txt.r/hd/missiles/ground_fire_medium.json": [],
    "mods/source_txt.r/hd/missiles/ground_fire_small.json": [],
    "mods/source_txt.r/hd/missiles/ground_firesmall.json": [],
    "mods/source_txt.r/hd/missiles/hand_of_god.json": [],
    "mods/source_txt.r/hd/missiles/high_priest_lightning.json": [],
    "mods/source_txt.r/hd/missiles/holy_bolt_missile.json": [],
    "mods/source_txt.r/hd/missiles/horadric_light_beamstreaks.json": [],
    "mods/source_txt.r/hd/missiles/horadric_staff.json": [],
    "mods/source_txt.r/hd/missiles/ice_arrow.json": [],
    "mods/source_txt.r/hd/missiles/ice_arrow_explode.json": [],
    "mods/source_txt.r/hd/missiles/ice_blast.json": [],
    "mods/source_txt.r/hd/missiles/ice_bolt.json": [],
    "mods/source_txt.r/hd/missiles/ice_break_large.json": [],
    "mods/source_txt.r/hd/missiles/ice_break_large_melt.json": [],
    "mods/source_txt.r/hd/missiles/ice_break_small.json": [],
    "mods/source_txt.r/hd/missiles/ice_break_small_melt.json": [],
    "mods/source_txt.r/hd/missiles/ice_break_smoke.json": [],
    "mods/source_txt.r/hd/missiles/ice_orb.json": [],
    "mods/source_txt.r/hd/missiles/ice_orb_explode.json": [],
    "mods/source_txt.r/hd/missiles/icebolt.json": [],
    "mods/source_txt.r/hd/missiles/icestormfallvar_01.json": [],
    "mods/source_txt.r/hd/missiles/icestormfallvar_02.json": [],
    "mods/source_txt.r/hd/missiles/icestormfallvar_03.json": [],
    "mods/source_txt.r/hd/missiles/icestormfallvar_04.json": [],
    "mods/source_txt.r/hd/missiles/icestormimpactvar_01.json": [],
    "mods/source_txt.r/hd/missiles/icestormimpactvar_02.json": [],
    "mods/source_txt.r/hd/missiles/izual_death_clouds.json": [],
    "mods/source_txt.r/hd/missiles/izual_death_particles.json": [],
    "mods/source_txt.r/hd/missiles/javelin.json": [],
    "mods/source_txt.r/hd/missiles/light_beams.json": [],
    "mods/source_txt.r/hd/missiles/lightning_bolt.json": [],
    "mods/source_txt.r/hd/missiles/lightning_javelin.json": [],
    "mods/source_txt.r/hd/missiles/lightning_strike.json": [],
    "mods/source_txt.r/hd/missiles/lightningbolt.json": [],
    "mods/source_txt.r/hd/missiles/lightningbolt_big.json": [],
    "mods/source_txt.r/hd/missiles/lightningstrike.json": [],
    "mods/source_txt.r/hd/missiles/maiden_javelin_missile.json": [],
    "mods/source_txt.r/hd/missiles/mephisto_missile.json": [],
    "mods/source_txt.r/hd/missiles/mephisto_missile_explosion.json": [],
    "mods/source_txt.r/hd/missiles/mephistofirewall.json": [],
    "mods/source_txt.r/hd/missiles/meteor.json": [],
    "mods/source_txt.r/hd/missiles/meteor_tail.json": [],
    "mods/source_txt.r/hd/missiles/meteor_target_indicator.json": [],
    "mods/source_txt.r/hd/missiles/meteorlavaburst.json": [],
    "mods/source_txt.r/hd/missiles/meteorlavaburst_2.json": [],
    "mods/source_txt.r/hd/missiles/meteorlavadown.json": [],
    "mods/source_txt.r/hd/missiles/meteorlavarock.json": [],
    "mods/source_txt.r/hd/missiles/meteorlavaup.json": [],
    "mods/source_txt.r/hd/missiles/missile_dagger.json": [],
    "mods/source_txt.r/hd/missiles/missile_hand_axe.json": [],
    "mods/source_txt.r/hd/missiles/missiles.json": [],
    "mods/source_txt.r/hd/missiles/mist.json": [],
    "mods/source_txt.r/hd/missiles/mist_fade.json": [],
    "mods/source_txt.r/hd/missiles/mist_fade_orb.json": [],
    "mods/source_txt.r/hd/missiles/mist_fade_orb_loop.json": [],
    "mods/source_txt.r/hd/missiles/monsterlight.json": [],
    "mods/source_txt.r/hd/missiles/mslgpl.json": [],
    "mods/source_txt.r/hd/missiles/mslgpm.json": [],
    "mods/source_txt.r/hd/missiles/mslgps.json": [],
    "mods/source_txt.r/hd/missiles/mslopl.json": [],
    "mods/source_txt.r/hd/missiles/mslopm.json": [],
    "mods/source_txt.r/hd/missiles/mslops.json": [],
    "mods/source_txt.r/hd/missiles/null.json": [],
    "mods/source_txt.r/hd/missiles/pantherpotorange.json": [],
    "mods/source_txt.r/hd/missiles/pilum.json": [],
    "mods/source_txt.r/hd/missiles/poison_left.json": [],
    "mods/source_txt.r/hd/missiles/poison_nova.json": [],
    "mods/source_txt.r/hd/missiles/poison_right.json": [],
    "mods/source_txt.r/hd/missiles/poison_smoke_puff.json": [],
    "mods/source_txt.r/hd/missiles/poison_sparks.json": [],
    "mods/source_txt.r/hd/missiles/potion_explode.json": [],
    "mods/source_txt.r/hd/missiles/potion_explode_debris_01.json": [],
    "mods/source_txt.r/hd/missiles/potion_explode_debris_02.json": [],
    "mods/source_txt.r/hd/missiles/potion_explode_debris_03.json": [],
    "mods/source_txt.r/hd/missiles/queen_death_guts.json": [],
    "mods/source_txt.r/hd/missiles/queen_death_puddle.json": [],
    "mods/source_txt.r/hd/missiles/queen_death_puddle_2.json": [],
    "mods/source_txt.r/hd/missiles/redemption_ghost.json": [],
    "mods/source_txt.r/hd/missiles/revive.json": [],
    "mods/source_txt.r/hd/missiles/rock_large.json": [],
    "mods/source_txt.r/hd/missiles/rock_small.json": [],
    "mods/source_txt.r/hd/missiles/royalstrikechainlightning.json": [],
    "mods/source_txt.r/hd/missiles/safe_arrow.json": [],
    "mods/source_txt.r/hd/missiles/sanctuary.json": [],
    "mods/source_txt.r/hd/missiles/sand_maggot_dirt_pile.json": [],
    "mods/source_txt.r/hd/missiles/sand_maggot_goo_spit.json": [],
    "mods/source_txt.r/hd/missiles/sand_maggot_sand_pile.json": [],
    "mods/source_txt.r/hd/missiles/sentrylightningbolt.json": [],
    "mods/source_txt.r/hd/missiles/sentrylightningbolt_2.json": [],
    "mods/source_txt.r/hd/missiles/shaman_fireball.json": [],
    "mods/source_txt.r/hd/missiles/shaman_fireball_explode_final.json": [],
    "mods/source_txt.r/hd/missiles/short_spear_missile.json": [],
    "mods/source_txt.r/hd/missiles/skull_fire.json": [],
    "mods/source_txt.r/hd/missiles/skull_ice.json": [],
    "mods/source_txt.r/hd/missiles/skull_left.json": [],
    "mods/source_txt.r/hd/missiles/skull_poison.json": [],
    "mods/source_txt.r/hd/missiles/skull_right.json": [],
    "mods/source_txt.r/hd/missiles/skull_unholy.json": [],
    "mods/source_txt.r/hd/missiles/slug_missile.json": [],
    "mods/source_txt.r/hd/missiles/slug_missile_explode.json": [],
    "mods/source_txt.r/hd/missiles/smithholebirth.json": [],
    "mods/source_txt.r/hd/missiles/smithholedead.json": [],
    "mods/source_txt.r/hd/missiles/smithholedeath.json": [],
    "mods/source_txt.r/hd/missiles/smithholeneutral.json": [],
    "mods/source_txt.r/hd/missiles/soul_forge_rising_soul.json": [],
    "mods/source_txt.r/hd/missiles/soul_forge_shard.json": [],
    "mods/source_txt.r/hd/missiles/spider_goo_disappear.json": [],
    "mods/source_txt.r/hd/missiles/spider_goo_missile.json": [],
    "mods/source_txt.r/hd/missiles/spike_fiend_missle.json": [],
    "mods/source_txt.r/hd/missiles/spike_left.json": [],
    "mods/source_txt.r/hd/missiles/spike_right.json": [],
    "mods/source_txt.r/hd/missiles/taintedsuncontrol.json": [],
    "mods/source_txt.r/hd/missiles/teeth_missile.json": [],
    "mods/source_txt.r/hd/missiles/teethexplode.json": [],
    "mods/source_txt.r/hd/missiles/teleport.json": [],
    "mods/source_txt.r/hd/missiles/tentaclegoo.json": [],
    "mods/source_txt.r/hd/missiles/throwing_spear_missile.json": [],
    "mods/source_txt.r/hd/missiles/unholy_bolt.json": [],
    "mods/source_txt.r/hd/missiles/vampire_missile.json": [],
    "mods/source_txt.r/hd/missiles/vampirefirewallmaker.json": [],
    "mods/source_txt.r/hd/missiles/viper_fire.json": [],
    "mods/source_txt.r/hd/missiles/viper_poisjav.json": [],
    "mods/source_txt.r/hd/missiles/viper_poisjavcloud.json": [],
    "mods/source_txt.r/hd/missiles/warcry_shockwave.json": [],
    "mods/source_txt.r/hd/missiles/warshrike_missile.json": [],
    "mods/source_txt.r/hd/missiles/willowisplightningbolt.json": [],
    "mods/source_txt.r/hd/missiles/x_bow_bolt.json": [],
    "mods/source_txt.r/hd/missiles/yellow_ball_glow_2.json": [],
    "mods/source_txt.r/hd/missiles/yellow_ball_glow_intro.json": [],
    "mods/source_txt.r/hd/env/weather/weather_effects.json": [],
    "mods/source_txt.r/hd/character/enemy/act2guard3.json": [],
    "mods/source_txt.r/hd/character/enemy/act2hire.json": [],
    "mods/source_txt.r/hd/character/enemy/act3hire.json": [],
    "mods/source_txt.r/hd/character/enemy/act5barb1.json": [],
    "mods/source_txt.r/hd/character/enemy/act5barb2.json": [],
    "mods/source_txt.r/hd/character/enemy/act5barb3.json": [],
    "mods/source_txt.r/hd/character/enemy/act5hire1.json": [],
    "mods/source_txt.r/hd/character/enemy/act5pow.json": [],
    "mods/source_txt.r/hd/character/enemy/ancientbarb1.json": [],
    "mods/source_txt.r/hd/character/enemy/ancientbarb2.json": [],
    "mods/source_txt.r/hd/character/enemy/ancientbarb3.json": [],
    "mods/source_txt.r/hd/character/enemy/andariel.json": [],
    "mods/source_txt.r/hd/character/enemy/arach1.json": [],
    "mods/source_txt.r/hd/character/enemy/baalclone.json": [],
    "mods/source_txt.r/hd/character/enemy/baalcrab.json": [],
    "mods/source_txt.r/hd/character/enemy/baalcrabstairs.json": [],
    "mods/source_txt.r/hd/character/enemy/baalhighpriest.json": [],
    "mods/source_txt.r/hd/character/enemy/baalminion1.json": [],
    "mods/source_txt.r/hd/character/enemy/baaltaunt.json": [],
    "mods/source_txt.r/hd/character/enemy/baaltentacle1.json": [],
    "mods/source_txt.r/hd/character/enemy/baalthrone.json": [],
    "mods/source_txt.r/hd/character/enemy/baboon1.json": [],
    "mods/source_txt.r/hd/character/enemy/baboon6.json": [],
    "mods/source_txt.r/hd/character/enemy/barricadedoor1.json": [],
    "mods/source_txt.r/hd/character/enemy/barricadedoor2.json": [],
    "mods/source_txt.r/hd/character/enemy/barricadetower.json": [],
    "mods/source_txt.r/hd/character/enemy/barricadewall1.json": [],
    "mods/source_txt.r/hd/character/enemy/barricadewall2.json": [],
    "mods/source_txt.r/hd/character/enemy/bat.json": [],
    "mods/source_txt.r/hd/character/enemy/batdemon1.json": [],
    "mods/source_txt.r/hd/character/enemy/bear.json": [],
    "mods/source_txt.r/hd/character/enemy/bighead1.json": [],
    "mods/source_txt.r/hd/character/enemy/bird1.json": [],
    "mods/source_txt.r/hd/character/enemy/bird2.json": [],
    "mods/source_txt.r/hd/character/enemy/bladecreeper.json": [],
    "mods/source_txt.r/hd/character/enemy/bloodgolem.json": [],
    "mods/source_txt.r/hd/character/enemy/bloodlord1.json": [],
    "mods/source_txt.r/hd/character/enemy/bloodraven.json": [],
    "mods/source_txt.r/hd/character/enemy/blunderbore1.json": [],
    "mods/source_txt.r/hd/character/enemy/bonefetish1.json": [],
    "mods/source_txt.r/hd/character/enemy/boneprison1.json": [],
    "mods/source_txt.r/hd/character/enemy/boneprison2.json": [],
    "mods/source_txt.r/hd/character/enemy/boneprison3.json": [],
    "mods/source_txt.r/hd/character/enemy/boneprison4.json": [],
    "mods/source_txt.r/hd/character/enemy/bonewall.json": [],
    "mods/source_txt.r/hd/character/enemy/brute2.json": [],
    "mods/source_txt.r/hd/character/enemy/bug.json": [],
    "mods/source_txt.r/hd/character/enemy/bunny.json": [],
    "mods/source_txt.r/hd/character/enemy/cantor1.json": [],
    "mods/source_txt.r/hd/character/enemy/catapult1.json": [],
    "mods/source_txt.r/hd/character/enemy/catapultspotter1.json": [],
    "mods/source_txt.r/hd/character/enemy/chargeboltsentry.json": [],
    "mods/source_txt.r/hd/character/enemy/chicken.json": [],
    "mods/source_txt.r/hd/character/enemy/clawviper1.json": [],
    "mods/source_txt.r/hd/character/enemy/claygolem.json": [],
    "mods/source_txt.r/hd/character/enemy/compellingorb.json": [],
    "mods/source_txt.r/hd/character/enemy/corpsefire.json": [],
    "mods/source_txt.r/hd/character/enemy/corruptrogue1.json": [],
    "mods/source_txt.r/hd/character/enemy/councilmember1.json": [],
    "mods/source_txt.r/hd/character/enemy/cow.json": [],
    "mods/source_txt.r/hd/character/enemy/cowking.json": [],
    "mods/source_txt.r/hd/character/enemy/cr_archer1.json": [],
    "mods/source_txt.r/hd/character/enemy/cr_lancer1.json": [],
    "mods/source_txt.r/hd/character/enemy/crownest1.json": [],
    "mods/source_txt.r/hd/character/enemy/cycleoflife.json": [],
    "mods/source_txt.r/hd/character/enemy/darkelder.json": [],
    "mods/source_txt.r/hd/character/enemy/darkwanderer.json": [],
    "mods/source_txt.r/hd/character/enemy/deathmauler1.json": [],
    "mods/source_txt.r/hd/character/enemy/deathsentry.json": [],
    "mods/source_txt.r/hd/character/enemy/diablo.json": [],
    "mods/source_txt.r/hd/character/enemy/doomknight1.json": [],
    "mods/source_txt.r/hd/character/enemy/doomknight2.json": [],
    "mods/source_txt.r/hd/character/enemy/doomknight3.json": [],
    "mods/source_txt.r/hd/character/enemy/dopplezon.json": [],
    "mods/source_txt.r/hd/character/enemy/druidbear.json": [],
    "mods/source_txt.r/hd/character/enemy/druidhawk.json": [],
    "mods/source_txt.r/hd/character/enemy/duriel.json": [],
    "mods/source_txt.r/hd/character/enemy/eagle.json": [],
    "mods/source_txt.r/hd/character/enemy/evilhole1.json": [],
    "mods/source_txt.r/hd/character/enemy/evilhut.json": [],
    "mods/source_txt.r/hd/character/enemy/fallen1.json": [],
    "mods/source_txt.r/hd/character/enemy/fallenshaman1.json": [],
    "mods/source_txt.r/hd/character/enemy/fetish1.json": [],
    "mods/source_txt.r/hd/character/enemy/fetish11.json": [],
    "mods/source_txt.r/hd/character/enemy/fetishblow1.json": [],
    "mods/source_txt.r/hd/character/enemy/fetishshaman1.json": [],
    "mods/source_txt.r/hd/character/enemy/fingermage1.json": [],
    "mods/source_txt.r/hd/character/enemy/firegolem.json": [],
    "mods/source_txt.r/hd/character/enemy/firetower.json": [],
    "mods/source_txt.r/hd/character/enemy/fish.json": [],
    "mods/source_txt.r/hd/character/enemy/flyingscimitar.json": [],
    "mods/source_txt.r/hd/character/enemy/foulcrow1.json": [],
    "mods/source_txt.r/hd/character/enemy/frogdemon1.json": [],
    "mods/source_txt.r/hd/character/enemy/frozenhorror1.json": [],
    "mods/source_txt.r/hd/character/enemy/gargoyletrap.json": [],
    "mods/source_txt.r/hd/character/enemy/goatman1.json": [],
    "mods/source_txt.r/hd/character/enemy/gorgon1.json": [],
    "mods/source_txt.r/hd/character/enemy/griswold.json": [],
    "mods/source_txt.r/hd/character/enemy/hellbovine.json": [],
    "mods/source_txt.r/hd/character/enemy/hellmeteor.json": [],
    "mods/source_txt.r/hd/character/enemy/hephasto.json": [],
    "mods/source_txt.r/hd/character/enemy/horse.json": [],
    "mods/source_txt.r/hd/character/enemy/hydra1.json": [],
    "mods/source_txt.r/hd/character/enemy/hydra2.json": [],
    "mods/source_txt.r/hd/character/enemy/hydra3.json": [],
    "mods/source_txt.r/hd/character/enemy/imp1.json": [],
    "mods/source_txt.r/hd/character/enemy/infernosentry.json": [],
    "mods/source_txt.r/hd/character/enemy/injuredbarb1.json": [],
    "mods/source_txt.r/hd/character/enemy/injuredbarb2.json": [],
    "mods/source_txt.r/hd/character/enemy/injuredbarb3.json": [],
    "mods/source_txt.r/hd/character/enemy/invisopet.json": [],
    "mods/source_txt.r/hd/character/enemy/invisospawner.json": [],
    "mods/source_txt.r/hd/character/enemy/irongolem.json": [],
    "mods/source_txt.r/hd/character/enemy/izual.json": [],
    "mods/source_txt.r/hd/character/enemy/larva.json": [],
    "mods/source_txt.r/hd/character/enemy/lightningsentry.json": [],
    "mods/source_txt.r/hd/character/enemy/lightningspire.json": [],
    "mods/source_txt.r/hd/character/enemy/maggot.json": [],
    "mods/source_txt.r/hd/character/enemy/maggotbaby1.json": [],
    "mods/source_txt.r/hd/character/enemy/maggotegg1.json": [],
    "mods/source_txt.r/hd/character/enemy/maggotqueen1.json": [],
    "mods/source_txt.r/hd/character/enemy/megademon1.json": [],
    "mods/source_txt.r/hd/character/enemy/mephisto.json": [],
    "mods/source_txt.r/hd/character/enemy/mephistospirit.json": [],
    "mods/source_txt.r/hd/character/enemy/minion1.json": [],
    "mods/source_txt.r/hd/character/enemy/minionspawner1.json": [],
    "mods/source_txt.r/hd/character/enemy/minispider.json": [],
    "mods/source_txt.r/hd/character/enemy/mosquito1.json": [],
    "mods/source_txt.r/hd/character/enemy/mummy1.json": [],
    "mods/source_txt.r/hd/character/enemy/necromage.json": [],
    "mods/source_txt.r/hd/character/enemy/necroskeleton.json": [],
    "mods/source_txt.r/hd/character/enemy/nihlathakboss.json": [],
    "mods/source_txt.r/hd/character/enemy/overseer1.json": [],
    "mods/source_txt.r/hd/character/enemy/painworm1.json": [],
    "mods/source_txt.r/hd/character/enemy/pantherwoman1.json": [],
    "mods/source_txt.r/hd/character/enemy/parrot.json": [],
    "mods/source_txt.r/hd/character/enemy/pig.json": [],
    "mods/source_txt.r/hd/character/enemy/plaguepoppy.json": [],
    "mods/source_txt.r/hd/character/enemy/prisondoor.json": [],
    "mods/source_txt.r/hd/character/enemy/putriddefiler1.json": [],
    "mods/source_txt.r/hd/character/enemy/quillbear1.json": [],
    "mods/source_txt.r/hd/character/enemy/quillrat1.json": [],
    "mods/source_txt.r/hd/character/enemy/radament.json": [],
    "mods/source_txt.r/hd/character/enemy/rat.json": [],
    "mods/source_txt.r/hd/character/enemy/reanimatedhorde1.json": [],
    "mods/source_txt.r/hd/character/enemy/regurgitator1.json": [],
    "mods/source_txt.r/hd/character/enemy/roguehire.json": [],
    "mods/source_txt.r/hd/character/enemy/sandleaper1.json": [],
    "mods/source_txt.r/hd/character/enemy/sandmaggot1.json": [],
    "mods/source_txt.r/hd/character/enemy/sandraider1.json": [],
    "mods/source_txt.r/hd/character/enemy/sarcophagus.json": [],
    "mods/source_txt.r/hd/character/enemy/scarab1.json": [],
    "mods/source_txt.r/hd/character/enemy/scorpion.json": [],
    "mods/source_txt.r/hd/character/enemy/seagull.json": [],
    "mods/source_txt.r/hd/character/enemy/seventombs.json": [],
    "mods/source_txt.r/hd/character/enemy/shadowmaster.json": [],
    "mods/source_txt.r/hd/character/enemy/shadowwarrior.json": [],
    "mods/source_txt.r/hd/character/enemy/siegebeast1.json": [],
    "mods/source_txt.r/hd/character/enemy/sk_archer1.json": [],
    "mods/source_txt.r/hd/character/enemy/skeleton1.json": [],
    "mods/source_txt.r/hd/character/enemy/skmage_cold1.json": [],
    "mods/source_txt.r/hd/character/enemy/skmage_fire1.json": [],
    "mods/source_txt.r/hd/character/enemy/skmage_ltng1.json": [],
    "mods/source_txt.r/hd/character/enemy/skmage_pois1.json": [],
    "mods/source_txt.r/hd/character/enemy/slinger1.json": [],
    "mods/source_txt.r/hd/character/enemy/slinger5.json": [],
    "mods/source_txt.r/hd/character/enemy/smith.json": [],
    "mods/source_txt.r/hd/character/enemy/snake.json": [],
    "mods/source_txt.r/hd/character/enemy/snowyeti1.json": [],
    "mods/source_txt.r/hd/character/enemy/spiritofbarbs.json": [],
    "mods/source_txt.r/hd/character/enemy/spiritwolf.json": [],
    "mods/source_txt.r/hd/character/enemy/succubus1.json": [],
    "mods/source_txt.r/hd/character/enemy/succubuswitch1.json": [],
    "mods/source_txt.r/hd/character/enemy/suicideminion1.json": [],
    "mods/source_txt.r/hd/character/enemy/summoner.json": [],
    "mods/source_txt.r/hd/character/enemy/swarm1.json": [],
    "mods/source_txt.r/hd/character/enemy/tentacle1.json": [],
    "mods/source_txt.r/hd/character/enemy/tentaclehead1.json": [],
    "mods/source_txt.r/hd/character/enemy/thornhulk1.json": [],
    "mods/source_txt.r/hd/character/enemy/trap-firebolt.json": [],
    "mods/source_txt.r/hd/character/enemy/trap-horzmissile.json": [],
    "mods/source_txt.r/hd/character/enemy/trap-lightning.json": [],
    "mods/source_txt.r/hd/character/enemy/trap-melee.json": [],
    "mods/source_txt.r/hd/character/enemy/trap-nova.json": [],
    "mods/source_txt.r/hd/character/enemy/trap-poisoncloud.json": [],
    "mods/source_txt.r/hd/character/enemy/trap-vertmissile.json": [],
    "mods/source_txt.r/hd/character/enemy/trappedsoul1.json": [],
    "mods/source_txt.r/hd/character/enemy/trappedsoul2.json": [],
    "mods/source_txt.r/hd/character/enemy/turret1.json": [],
    "mods/source_txt.r/hd/character/enemy/unraveler1.json": [],
    "mods/source_txt.r/hd/character/enemy/valkyrie.json": [],
    "mods/source_txt.r/hd/character/enemy/vampire1.json": [],
    "mods/source_txt.r/hd/character/enemy/venomlord.json": [],
    "mods/source_txt.r/hd/character/enemy/vilechild1.json": [],
    "mods/source_txt.r/hd/character/enemy/vilemother1.json": [],
    "mods/source_txt.r/hd/character/enemy/vinecreature.json": [],
    "mods/source_txt.r/hd/character/enemy/vulture1.json": [],
    "mods/source_txt.r/hd/character/enemy/wakeofdestruction.json": [],
    "mods/source_txt.r/hd/character/enemy/willowisp1.json": [],
    "mods/source_txt.r/hd/character/enemy/window1.json": [],
    "mods/source_txt.r/hd/character/enemy/window2.json": [],
    "mods/source_txt.r/hd/character/enemy/wolf.json": [],
    "mods/source_txt.r/hd/character/enemy/worldstoneeffect.json": [],
    "mods/source_txt.r/hd/character/enemy/wraith1.json": [],
    "mods/source_txt.r/hd/character/enemy/zealot1.json": [],
    "mods/source_txt.r/hd/character/enemy/zombie1.json": [],
    "mods/source_txt.r/hd/character/player/amazon.json": [],
    "mods/source_txt.r/hd/character/player/assassin.json": [],
    "mods/source_txt.r/hd/character/player/barbarian.json": [],
    "mods/source_txt.r/hd/character/player/druid.json": [],
    "mods/source_txt.r/hd/character/player/necromancer.json": [],
    "mods/source_txt.r/hd/character/player/paladin.json": [],
    "mods/source_txt.r/hd/character/player/sorceress.json": []
  }
}