{
  "description":"Allows summoning grizzly and wolves at the same time",
  "search": {
    "pettype.txt": [
      {
        "find": "spiritwolf\t11\t1",
        "replace": "columns",
        "columns": [
          { "col": "group", "val": "", "desc": "remove group limit" }
        ]
      },
      {
        "find": "fenris\t12\t1",
        "replace": "columns",
        "columns": [
          { "col": "group", "val": "", "desc": "remove group limit" }
        ]
      },
      {
        "find": "grizzly\t15\t1",
        "replace": "columns",
        "columns": [
          { "col": "group", "val": "", "desc": "remove group limit" }
        ]
      }
    ]
  }
}